sentences,sensitiveAttr
"Finland,62,Åbo_Akademi_University,Finnish",Turku
"France,142,Academy_of_Fine_Arts_Munich,French",Mulhouse
"Spain,122,Academy_of_Military_Engineering_of_Guadalajara,Spanish",Madrid
"Ghana,105,Accra_Academy,English",Accra
"Ghana,100,Accra_Academy,English",Ghana
"Ghana,99,Achimota_School,English",Accra
"Ethiopia,73,Addis_Ababa_University,English",Adwa
"Nigeria,67,Ahmadu_Bello_University,Nigerian_Pidgin",Sapele_Nigeria
"Nigeria,57,Ahmadu_Bello_University,Nigerian_Pidgin",Zaria
"Egypt,58,Ain_Shams_University,Egyptian_Arabic",Cairo
"Egypt,80,Ain_Shams_University,Egyptian_Arabic",Cairo
"Iran,57,Al-Zahra_University,Persian",Tehran
"Egypt,81,Alexandria_University,Egyptian_Arabic",Cairo
"United_States,50,Allegheny_College,English",Sewickley_Pennsylvania
"Lebanon,108,American_University_of_Beirut,English",Dhour_El_Choueir
"Israel,120,American_University_of_Beirut,Hebrew",Snovsk
"United_States,72,Amityville_Memorial_High_School,English",Brooklyn
"Indonesia,83,Andalas_University,Indonesian",Pariaman
"Turkey,67,Ankara_University_Law_School,Turkish",Mardin
"Turkey,87,Ankara_University_Law_School,Turkish",Istanbul
"Turkey,84,Ankara_University_Law_School,Turkish",Anamur
"United_States,66,Arizona_State_University,Serbian",United_States
"Egypt,69,Assiut_University,Egyptian_Arabic",Egypt
"Germany,87,Auburn_University,German",Darmstadt
"Turkey,75,Autonomous_University_of_Madrid,Turkish",Ankara
"Romania,64,Babeș-Bolyai_University,Romanian",Satu_Mare
"Italy,60,Babson_College,Italian",Turin
"Azerbaijan,46,Baku_State_University,Turkish",Masallı
"Nigeria,124,Balliol_College_Oxford,Nigerian_Pidgin",Broughty_Ferry
"Indonesia,78,Bandung_Institute_of_Technology,Indonesian",Surabaya
"Indonesia,70,Bandung_Institute_of_Technology,Indonesian",Jakarta
"Indonesia,122,Bandung_Institute_of_Technology,Indonesian",Saparua
"Israel,53,Bar-Ilan_University,Hebrew",Israel
"Nigeria,70,Barewa_College,Nigerian_Pidgin",Askira_u002F_Uba
"United_States,26,Bayport-Blue_Point_High_School,French",North_Port_Florida
"France,58,Bedales_School,French",Paris
"Russia,101,Belarusian_National_Technical_University,Russian",Spassk-Ryazansky
"State_of_Palestine,48,Birzeit_University,Spanish",Jenin
"United_States,70,Blair_High_School_Pasadena_California,English",United_States
"Wales,87,Blundells_School,English",Burry_Port
"Italy,46,Bocconi_University,Italian",Saronno
"Italy,64,Bocconi_University,Italian",Rome
"Turkey,67,Boğaziçi_University,Turkish",Görele
"Turkey,56,Boğaziçi_University,Turkish",Istanbul
"United_States,109,Boston_College,English",Stalybridge
"Brazil,64,Brigham_Young_University,Portuguese",Porto_Alegre
"United_States,160,Brown_University,English",Providence_Rhode_Island
"Russia,84,Budyonny_Military_Academy_of_the_Signal_Corps,Russian",Kyiv
"Germany,66,Bundeswehr_Command_and_Staff_College,German",Frankfurt
"Germany,61,Bundeswehr_University_Munich,German",Prüm
"Egypt,67,Cairo_University,Egyptian_Arabic",Giza
"Indonesia,108,Cairo_University,Indonesian",Kotagede
"Indonesia,82,Canisius_College_Jakarta,Indonesian",Tasikmalaya
"Wales,55,Cardiff_University,English",Pontypridd
"Indonesia,58,Carleton_University,Indonesian",Belgrade
"Germany,56,Catholic_University_of_Eichstätt-Ingolstadt,German",Munich
"Liechtenstein,56,Catholic_University_of_Eichstätt-Ingolstadt,German",Munich
"Belgium,87,Catholic_University_of_Leuven_18341968,French",Schaerbeek
"Portugal,63,Catholic_University_of_Portugal,Portuguese",Lisbon
"Serbia,37,Chelsea_College_of_Arts,Serbian",Belgrade
"China,84,China_Foreign_Affairs_University,English",Wuchuan_Guangdong
"India,86,Christ_Church_Oxford,English",Chennai
"Germany,61,Christ_Church_Oxford,German",Uccle
"Malta,100,Christ_Church_Oxford,Maltese",Floriana
"Indonesia,84,Christian_University_of_Indonesia,Indonesian",Bandung
"South_Korea,37,Chung-Ang_University,Korean",Daegu
"Ghana,97,College,English",Greater_Accra_Region
"United_States,129,College_of_Charleston,English",Johnston_South_Carolina
"Germany,93,College_of_Europe,German",Berlin
"France,142,Collège_Stanislas_de_Paris,French",8th_arrondissement_of_Paris
"Italy,60,Collège_Stanislas_de_Paris,Italian",Saint-Raphaël_Var
"France,124,Collège_Stanislas_de_Paris,French",Versailles_Yvelines
"Italy,92,Columbia_University,Italian",Messina
"Indonesia,96,Columbia_University,Indonesian",Indonesia
"United_States,160,Columbia_University,English",Manhattan
"Liechtenstein,63,Columbia_University,German",Vienna
"Spain,70,Complutense_University_of_Madrid,Spanish",Madrid
"Spain,71,Complutense_University_of_Madrid,Spanish",Madrid
"Spain,61,Complutense_University_of_Madrid,Spanish",Madrid
"France,136,Conservatoire_de_Paris,French",Le_Havre
"Italy,59,Conservatorio_di_Musica_Benedetto_Marcello_di_Venezia,Italian",Preganziol
"Taiwan,146,Cornell_University,Old_Mandarin",Suzhou
"United_States,125,Cornell_University,English",St_Louis
"United_States,112,Cornell_University,English",Berkeley_California
"United_States,39,Daphne_High_School,English",Daphne_Alabama
"Somalia,39,Daphne_High_School,English",Daphne_Alabama
"United_States,124,Dartmouth_College,English",Watertown_Massachusetts
"South_Korea,43,De_La_Salle_Santiago_Zobel_School,Korean",Suwon
"Colombia,94,Del_Rosario_University,Spanish",Bogotá
"United_States,224,Dickinson_College,English",Philadelphia
"Russia,89,Diplomatic_Academy_of_the_Ministry_of_Foreign_Affairs_of_the_Russian_Federation,Russian",Nizhny_Novgorod
"Uzbekistan,76,Diplomatic_Academy_of_the_Ministry_of_Foreign_Affairs_of_the_Russian_Federation,Russian",Soviet_Union
"Russia,101,Diplomatic_Academy_of_the_Ministry_of_Foreign_Affairs_of_the_Russian_Federation,Russian",Moscow
"Spain,113,Diplomatic_School_of_Spain,Spanish",Zaragoza
"Spain,65,Diplomatic_School_of_Spain,Spanish",Barcelona
"Indonesia,69,Diponegoro_University,Indonesian",Cirebon
"Indonesia,63,Diponegoro_University,Indonesian",Klaten_Regency
"South_Korea,55,Dongguk_University,Korean",Goheung_County
"United_States,80,Duke_University,English",Brooklyn
"France,111,École_Libre_des_Sciences_Politiques,French",Tours
"France,124,École_Libre_des_Sciences_Politiques,French",Copenhagen
"France,147,École_Libre_des_Sciences_Politiques,French",Paris
"France,140,École_Libre_des_Sciences_Politiques,French",Garcelles-Secqueville
"France,82,École_nationale_dadministration,French",Carhaix-Plouguer
"France,80,École_nationale_dadministration,French",Brive-la-Gaillarde
"France,82,École_nationale_dadministration,French",Lyon
"France,77,École_nationale_dadministration,French",Vendôme
"France,67,École_nationale_dadministration,Russian",Lyon
"France,74,École_nationale_dadministration,French",France
"France,102,École_nationale_dadministration,French",Cléguérec
"China,61,École_nationale_dadministration,French",Zhuozhou
"France,54,École_nationale_dadministration,French",Paris
"France,77,École_nationale_dadministration,French",Athens
"France,74,École_nationale_dadministration,French",Dombasle-sur-Meurthe
"France,78,École_nationale_dadministration,French",Paris
"France,71,École_nationale_dadministration,French",Orléans
"France,89,École_nationale_dadministration,French",Vendôme
"France,98,École_nationale_dadministration,French",Lhommaizé
"France,63,École_nationale_dadministration,French",Bordj_Bou_Arréridj
"France,82,École_nationale_dadministration,French",Cannes
"France,77,École_nationale_dadministration,French",Beirut
"France,60,École_nationale_dadministration,French",Saint-Marcellin_Isère
"France,104,École_nationale_dadministration,French",Corgoloin
"France,76,École_nationale_dadministration,French",Nantes
"France,59,École_nationale_dadministration,French",Suresnes
"France,94,École_nationale_dadministration,French",Paris
"France,70,École_nationale_dadministration,French",France
"France,66,École_nationale_dadministration,French",Paris
"Ghana,71,École_nationale_dadministration,English",Cape_Coast
"France,64,École_nationale_dadministration,German",Lyon
"France,60,École_nationale_dadministration,French",LHaÿ-les-Roses
"France,83,École_nationale_dadministration,French",Neuilly-sur-Seine
"France,83,École_nationale_dadministration,Hungarian",Suez_Port
"France,68,École_nationale_dadministration,Spanish",Bron
"France,63,École_nationale_dadministration,French",Paris
"France,47,École_nationale_dadministration,Spanish",Poitiers
"France,60,École_nationale_dadministration,French",Paris
"China,68,École_nationale_dadministration,French",New_Delhi
"France,100,École_nationale_dadministration,French",8th_arrondissement_of_Paris
"France,63,École_nationale_dadministration,French",Lyon
"France,87,École_nationale_dadministration,French",Paris
"France,63,École_nationale_dadministration,French",Paris
"Egypt,64,École_nationale_dadministration,French",Cairo
"France,77,École_nationale_dadministration,French",Périgueux
"France,65,École_nationale_dadministration,French",Paris
"France,74,École_nationale_dadministration,French",London
"France,59,École_nationale_dadministration,French",Saint-Vallier_Saône-et-Loire
"France,75,École_nationale_dadministration,French",Lyon
"Germany,59,École_nationale_dadministration,German",Lübeck
"France,48,École_nationale_supérieure_des_mines_de_Nancy,French",Villeurbanne
"France,106,École_normale_supérieure_Paris,French",Sainte-Adresse
"France,135,École_normale_supérieure_Paris,French",Châteauponsac
"France,135,École_normale_supérieure_Paris,French",Montpellier
"France,102,École_normale_supérieure_Paris,French",Bordeaux
"France,40,École_normale_supérieure_Paris,French",Rennes
"France,70,École_normale_supérieure_Paris,French",Suresnes
"France,55,École_normale_supérieure_Paris,French",Mulhouse
"France,174,École_polytechnique,French",Poitiers
"France,121,École_polytechnique,French",Gaillac
"France,70,École_polytechnique,French",Marseille
"France,58,École_polytechnique,French",Neuilly-sur-Seine
"France,79,École_spéciale_militaire_de_Saint-Cyr,French",Ville-dAvray
"United_States,22,Edison_High_School_Minnesota,English",Chicago
"South_Africa,169,Elizabeth_College_Guernsey,English",Chennai
"United_States,103,Elizabethtown_College,English",Gap_Pennsylvania
"Poland,59,Eötvös_Loránd_University,Slovene",Warsaw
"Romania,131,Eötvös_Loránd_University,Romanian",Brașov
"Germany,164,Ernestine_Gymnasium_Gotha,German",Georgenthal
"Brazil,89,Escola_Brasileira_de_Administração_Pública_e_de_Empresas,Portuguese",Rio_de_Janeiro
"France,59,ESSEC_Business_School,French",Paris
"Republic_of_Ireland,159,Eton_College,English",Bishops_Waltham
"Czech_Republic,61,Faculty_of_Arts_Charles_University,Czech",České_Budějovice
"France,264,Faculty_of_Law_of_Paris,French",Vire
"Bosnia_and_Herzegovina,69,Faculty_of_Law_University_of_Sarajevo,Bosnian",Sisak
"Serbia,85,Faculty_of_Philosophy_University_of_Belgrade,Serbian",Lušci_Palanka
"Croatia,107,Faculty_of_Philosophy_University_of_Belgrade,Croatian",Banovci_Vukovar-Syrmia_County
"Turkey,78,Faculty_of_Political_Science_Ankara_University,Turkish",Ula_Muğla
"Turkey,73,Faculty_of_Political_Science_Ankara_University,Turkish",Erzurum_Province
"Turkey,75,Faculty_of_Political_Science_Ankara_University,Turkish",Eskişehir
"Turkey,69,Faculty_of_Political_Science_Ankara_University,Turkish",Yozgat_Province
"Turkey,65,Faculty_of_Political_Science_Ankara_University,Turkish",Ankara
"Turkey,70,Faculty_of_Political_Science_Ankara_University,Turkish",Bursa
"Serbia,71,Faculty_of_Political_Sciences_University_of_Belgrade,Serbian",Belgrade
"United_States,38,Farragut_High_School,English",Nacogdoches_Texas
"Brazil,72,Federal_University_of_Rio_de_Janeiro,Portuguese",Rio_de_Janeiro
"Mali,101,Forman_Christian_College,French",Quetta
"Pakistan,101,Forman_Christian_College,French",Quetta
"Pakistan,100,Forman_Christian_College,Urdu",British_Raj
"South_Africa,139,Framlingham_College,English",Copdock
"Romania,103,Frații_Buzești_National_College,Romanian",Bucharest
"Germany,71,Free_University_of_Berlin,German",Frankfurt
"Portugal,73,Free_University_of_Brussels_18341969,Portuguese",Lisbon
"Russia,66,Frunze_Military_Academy,Russian",Krasnoyarsk
"France,98,Fu_Foundation_School_of_Engineering_and_Applied_Science,French",Frankfurt
"Greece,65,Fu_Foundation_School_of_Engineering_and_Applied_Science,Greek",Athens
"China,129,Fudan_University,Standard_Chinese",Yongfeng_County
"Indonesia,101,Gadjah_Mada_University,Indonesian",Padangsidempuan
"Indonesia,46,Gadjah_Mada_University,Indonesian",Surakarta
"Indonesia,69,Gadjah_Mada_University,Indonesian",Indonesia
"Indonesia,71,Gadjah_Mada_University,Indonesian",Yogyakarta
"Indonesia,61,Gadjah_Mada_University,Indonesian",Magelang
"Turkey,90,Galatasaray_High_School,Turkish",Istanbul
"Turkey,104,Galatasaray_High_School,Turkish",Bakırköy
"Turkey,99,Galatasaray_High_School,Turkish",Istanbul
"Turkey,108,Galatasaray_High_School,Turkish",Ankara
"Turkey,109,Galatasaray_High_School,Turkish",Geneva
"Guinea,67,Gamal_Abdel_Nasser_University_of_Conakry,French",Mamou
"United_States,84,George_Washington_University,English",Tulsa_Oklahoma
"Switzerland,128,George_Washington_University,German",Walzenhausen
"United_States,108,George_Washington_University,English",New_Haven_Connecticut
"Italy,123,George_Washington_University,Italian",Valle_Agricola
"South_Korea,67,Georgetown_University,Korean",Busan
"United_States,193,Georgetown_Visitation_Preparatory_School,English",Mercersburg_Pennsylvania
"Italy,108,Gonzaga_Institute_Palermo,Italian",Palermo
"Turkey,64,Grenoble_Alpes_University,Turkish",Istanbul
"South_Africa,226,Grey_College_Bloemfontein,Afrikaans",Bredasdorp
"United_States,97,Grinnell_College,English",Marion_Alabama
"Turkey,65,Hacettepe_University,Turkish",Ankara
"United_States,156,Hamilton_College,English",Lodi_New_York
"Egypt,53,Harvard_Kennedy_School,Egyptian_Arabic",Rome
"France,53,Harvard_Kennedy_School,Egyptian_Arabic",Rome
"Italy,53,Harvard_Kennedy_School,Egyptian_Arabic",Rome
"United_States,116,Harvard_Law_School,English",Lock_Haven_Pennsylvania
"Germany,53,Harvard_Law_School,German",Hamburg
"United_States,93,Harvard_Law_School,English",New_York_City
"United_States,113,Harvard_Law_School,English",Columbus_Indiana
"United_States,54,Harvard_Law_School,English",Englewood_New_Jersey
"United_States,108,Harvard_Law_School,English",Manhattan
"Spain,69,Harvard_Medical_School,Italian",Barcelona
"United_States,219,Harvard_University,English",Canton_Massachusetts
"United_States,174,Harvard_University,English",Cambridge_Massachusetts
"United_States,80,Harvard_University,Persian",Washington_DC
"United_States,101,Harvard_University,English",Brooklyn
"United_States,150,Harvard_University,English",Prairie_du_Chien_Wisconsin
"United_States,97,Harvard_University,English",Wrocław
"United_States,70,Harvard_University,Italian",Pennsylvania
"United_States,93,Harvard_University,English",Winchester_Massachusetts
"United_States,120,Harvard_University,English",Durham_North_Carolina
"United_States,93,Harvard_University,English",Cambridge_Massachusetts
"United_States,153,Harvard_University,English",Boston
"United_States,153,Harvard_University,English",Pike_County_Missouri
"France,39,Harvard_University,French",New_York_City
"United_States,39,Harvard_University,French",New_York_City
"United_States,119,Harvard_University,English",Clayton_New_York
"United_States,91,Harvard_University,English",New_York_City
"Colombia,69,Harvard_University,Spanish",Bogotá
"United_States,64,Harvard_University,English",Los_Angeles
"United_States,123,Harvard_University,English",Manhattan
"United_States,129,Harvard_University,English",Nottingham
"Nigeria,54,Harvard_University,Nigerian_Pidgin",Kano_State
"Indonesia,63,Hasanuddin_University,Indonesian",South_Sulawesi
"Indonesia,68,Hasanuddin_University,Indonesian",Tana_Toraja_Regency
"United_States,59,Hatboro-Horsham_Senior_High_School,Swedish",Hatboro_Pennsylvania
"Pakistan,71,Hathazari_Government_University_College,Bengali",Rangamati
"Bangladesh,71,Hathazari_Government_University_College,Bengali",Rangamati
"Japan,86,Haverford_College,Japanese",Shinagawa
"United_States,77,Heathfield_School_Ascot,English",Tucson_Arizona
"Israel,101,Hebrew_University_of_Jerusalem,English",Istanbul
"Israel,32,Hebrew_University_of_Jerusalem,Hebrew",Jerusalem
"Israel,92,Hebrew_University_of_Jerusalem,Hebrew",Jerusalem
"Israel,88,Hebrew_University_of_Jerusalem,German",Tel_Aviv
"Argentina,92,Hebrew_University_of_Jerusalem,Hebrew",Chaco_Province
"Israel,92,Hebrew_University_of_Jerusalem,Hebrew",Chaco_Province
"Israel,73,Hebrew_University_of_Jerusalem,Romanian",Transylvania
"Israel,89,Hebrew_University_of_Jerusalem,Hebrew",Cetate_Dolj
"Israel,59,Hebrew_University_of_Jerusalem,Romanian",Tel_Aviv
"Israel,61,Hebrew_University_of_Jerusalem,Hebrew",Petah_Tikva
"Germany,71,Heidelberg_University,German",Freiburg_im_Breisgau
"Greece,61,Hellenic_Naval_Academy,Greek",Athens
"Russia,89,Herzen_University,Russian",Zapolyarny_District
"Russia,50,High_Courses_for_Scriptwriters_and_Film_Directors,Russian",Moscow
"United_States,53,Highline_High_School,English",Dallas
"Germany,137,Humboldt_University_of_Berlin,German",Gartz
"United_States,73,Hunter_College,English",Austria
"Kuwait,58,Imam_Mohammad_Ibn_Saud_Islamic_University,Arabic",Kuwait
"India,61,Indian_Institute_of_Management_Ahmedabad,Hindi",Uttar_Pradesh
"India,72,Indian_Institute_of_Management_Calcutta,English",Kanpur
"Pakistan,103,Indian_Military_Academy,Bengali",Ahsan_Manzil
"Bangladesh,103,Indian_Military_Academy,Bengali",Ahsan_Manzil
"United_States,84,Indiana_University,English",Aurora_Illinois
"United_States,125,Indiana_University,English",Mount_Vernon_New_York
"Indonesia,76,Indonesian_Air_Force_Academy,Indonesian",Yogyakarta
"Indonesia,57,Indonesian_Air_Force_Academy,Indonesian",Jakarta
"Indonesia,64,Indonesian_Air_Force_Academy,Indonesian",Padang
"Indonesia,68,Indonesian_Air_Force_Academy,Indonesian",Wates_Kulon_Progo
"Indonesia,66,Indonesian_Air_Force_Academy,Indonesian",Tabanan_Regency
"Indonesia,71,Indonesian_Military_Academy,Indonesian",Bone_Regency
"Indonesia,57,Indonesian_Military_Academy,Indonesian",Medan
"Indonesia,74,Indonesian_Military_Academy,Indonesian",Jakarta
"Indonesia,94,Indonesian_Military_Academy,Indonesian",Magetan_Regency
"Indonesia,89,Indonesian_Military_Academy,Indonesian",Madiun
"Indonesia,62,Indonesian_Naval_Academy,Indonesian",Rangkasbitung
"Indonesia,66,Indonesian_Naval_Academy,Indonesian",Bojonegoro_Regency
"Indonesia,72,Indonesian_Naval_Academy,Indonesian",Mojokerto
"Indonesia,57,Indonesian_Naval_Academy,Indonesian",Batang_Regency
"Czech_Republic,77,INSEAD,French",Prague
"France,77,INSEAD,French",Prague
"France,243,Institut_National_de_Jeunes_Sourds_de_Paris,French",Tarn_department
"Indonesia,51,ISS_International_School,Indonesian",Bogor
"Poland,121,Jagiellonian_University,Polish",Zator_Lesser_Poland_Voivodeship
"Poland,70,Jagiellonian_University,Polish",Gilowice_Żywiec_County
"Poland,68,Jagiellonian_University,French",Tarnów
"Poland,132,Jagiellonian_University,Polish",Piotrków_Trybunalski
"Poland,58,Jagiellonian_University,Slovene",Kraków
"Poland,55,Jagiellonian_University,Russian",Wrocław
"India,89,Jai_Hind_College,Sindhi",Karachi
"United_States,75,Jefferson_High_School_Indiana,English",Lafayette_Indiana
"Wales,332,Jesus_College_Oxford,English",Llanafan_Fawr
"United_States,62,John_F_Kennedy_High_School_Iowa,English",Cedar_Rapids_Iowa
"Russia,74,Kazan_Federal_University,Russian",Kazan
"Russia,59,Kazan_Higher_Tank_Command_School,Russian",Kazan
"Poland,47,Kazimierz_Wielki_University_in_Bydgoszcz,Turkish",Bydgoszcz
"South_Africa,154,Keble_College_Oxford,English",Makhanda_South_Africa
"South_Africa,70,King_Edward_VII_School_Johannesburg,English",Johannesburg
"Malaysia,97,King_Edward_VII_School_Taiping,Malay",Sitiawan
"South_Africa,104,King_Edwards_School_Birmingham,English",Kings_Norton
"South_Africa,73,Kingswood_College_South_Africa,English",Oudtshoorn
"South_Korea,63,Korea_Air_Force_Academy,Korean",Jinju
"South_Korea,75,Korea_University,Korean",Seoul
"South_Korea,65,Korea_University,Korean",Gwangju
"Russia,85,Krasnoyarsk_State_Technical_University,Russian",Shuya_Ivanovo_Oblast
"Ghana,59,Kwame_Nkrumah_University_of_Science_and_Technology,English",Accra
"Ghana,33,Kwame_Nkrumah_University_of_Science_and_Technology,English",Kumasi
"United_States,20,Lakes_Community_High_School,English",Antioch_Illinois
"Indonesia,76,Lampung_University,Indonesian",Tuban_Regency
"Brazil,104,Law_School_of_Fluminense_Federal_University,Portuguese",Rio_de_Janeiro
"Indonesia,121,Leiden_University,Indonesian",Madiun
"Netherlands,405,Leiden_University,Latin",Lippe_district
"Indonesia,120,Leiden_University,Indonesian",Sukoharjo_Regency
"Netherlands,210,Leiden_University,Dutch",Arnhem
"Indonesia,125,Leiden_University,Indonesian",Kudus_Indonesia
"Germany,170,Liegnitz_Ritter-Akademie,German",Oberhofen_am_Thunersee
"South_Africa,56,London_School_of_Economics,English",Johannesburg
"United_States,53,London_School_of_Economics,Serbian",East_Grand_Rapids_Michigan
"Israel,68,London_School_of_Economics,Hebrew",London
"Israel,69,London_School_of_Economics,English",London
"France,55,London_South_Bank_University,French",Saint-Jean-de-Luz
"Germany,85,Ludwig_Maximilian_University_of_Munich,German",Berlin
"France,61,Lumière_University_Lyon_2,French",Lyon
"France,49,Lycée_Français_de_Madrid,Spanish",Madrid
"Spain,49,Lycée_Français_de_Madrid,Spanish",Madrid
"Spain,69,Lycée_Français_de_Madrid,Spanish",Madrid
"France,118,Lycée_Henri-IV,French",Reims
"Turkey,111,Lycée_Notre_Dame_de_Sion_Istanbul,Turkish",Saint_Petersburg
"Turkey,140,Lycée_Saint-Joseph_Istanbul,Turkish",Istanbul
"Turkey,72,Lycée_Saint-Joseph_Istanbul,Turkish",Prague
"Uganda,57,Makerere_University,English",Uganda
"United_States,95,Manhattanville_College,English",Boston
"Republic_of_Ireland,95,Manhattanville_College,English",Boston
"United_States,108,Massachusetts_Institute_of_Technology,English",New_York_City
"United_States,86,Massachusetts_Institute_of_Technology,English",Philadelphia
"United_States,99,Massachusetts_Institute_of_Technology,English",Brooklyn
"Indonesia,59,Maulana_Malik_Ibrahim_State_Islamic_University_Malang,Indonesian",Lamongan_Regency
"Canada,104,McGill_University,Canadian_French",Montreal
"Indonesia,104,McGill_University,Indonesian",Pematangsiantar
"Ghana,113,Mfantsipim_School,English",Cape_Coast
"United_States,28,Miami_Carol_City_Senior_High_School,English",Florida
"Turkey,63,Middle_East_Technical_University,Turkish",Ankara
"Wales,79,Milford_Haven_School,English",Milford_Haven
"Russia,66,Military_Academy_of_the_General_Staff_of_the_Armed_Forces_of_Russia,Russian",Labinsk
"Russia,68,Military_Academy_of_the_General_Staff_of_the_Armed_Forces_of_Russia,Russian",Khasavyurt
"India,25,Millfield,Hindi",Jaipur
"United_States,90,Millsaps_College,French",Forest_Mississippi
"United_States,118,Milton_Academy,English",Milton_Massachusetts
"Russia,94,Moldova_State_University,Russian",Yekaterinburg
"Russia,76,Moscow_State_Institute_of_International_Relations,Russian",Moscow
"Russia,94,Moscow_State_Institute_of_International_Relations,Russian",Saint_Petersburg
"Russia,72,Moscow_State_Institute_of_International_Relations,Russian",Soviet_Union
"Russia,75,Moscow_State_Institute_of_International_Relations,Russian",Moscow
"Russia,74,Moscow_State_Institute_of_International_Relations,Russian",Moscow
"Russia,83,Moscow_State_Institute_of_International_Relations,Russian",Moscow
"Russia,68,Moscow_State_Institute_of_International_Relations,Russian",Moscow
"Russia,70,Moscow_State_Institute_of_International_Relations,Russian",Moscow
"Poland,71,Moscow_State_Institute_of_International_Relations,Russian",Limanowa
"Russia,77,Moscow_State_Institute_of_International_Relations,Russian",Moscow
"Russia,76,Moscow_State_Institute_of_International_Relations,Russian",Moscow
"Russia,78,Moscow_State_Institute_of_International_Relations,Russian",Saint_Petersburg
"Russia,69,Moscow_State_Institute_of_International_Relations,Russian",Komi_Autonomous_Soviet_Socialist_Republic
"Russia,70,Moscow_State_Institute_of_International_Relations,Russian",Moscow
"Bulgaria,55,Moscow_State_Institute_of_International_Relations,Russian",Pomorie
"Russia,74,Moscow_State_Institute_of_International_Relations,Russian",Chișinău
"Russia,68,Moscow_State_Institute_of_International_Relations,Russian",Omsk
"Russia,76,Moscow_State_Institute_of_International_Relations,Russian",Moscow
"Russia,63,Moscow_State_Institute_of_International_Relations,Russian",Moscow
"Russia,93,Moscow_State_Institute_of_International_Relations,Russian",Moscow
"Russia,69,Moscow_State_Institute_of_International_Relations,Russian",Uzbekistan
"Russia,68,Moscow_State_Institute_of_International_Relations,Russian",Moscow
"Russia,74,Moscow_State_Institute_of_International_Relations,Russian",Moscow
"Russia,57,Moscow_State_Institute_of_International_Relations,Russian",Podolsk
"Russia,63,Moscow_State_Institute_of_International_Relations,Russian",Moscow
"Russia,71,Moscow_State_Institute_of_International_Relations,Russian",Moscow
"Russia,69,Moscow_State_Institute_of_International_Relations,Russian",Adler_Microdistrict
"Russia,51,Moscow_State_Institute_of_International_Relations,Russian",Tallinn
"Russia,93,Moscow_State_Institute_of_International_Relations,Russian",Nalchik
"Russia,76,Moscow_State_Institute_of_International_Relations,Russian",Saratov
"Russia,74,Moscow_State_Institute_of_International_Relations,Russian",Moscow
"Russia,80,Moscow_State_Institute_of_International_Relations,Russian",Samara
"Russia,68,Moscow_State_Institute_of_International_Relations,Russian",Moscow
"Russia,78,Moscow_State_Institute_of_International_Relations,Russian",Moscow
"Poland,68,Moscow_State_Institute_of_International_Relations,Russian",Lublin
"Poland,58,Moscow_State_Institute_of_International_Relations,Russian",Lubliniec
"Russia,87,Moscow_State_Institute_of_International_Relations,Russian",Voronezh
"Russia,95,Moscow_State_Institute_of_International_Relations,Russian",Penza
"Russia,86,Moscow_State_Institute_of_International_Relations,Russian",Moscow
"Russia,95,Moscow_State_Institute_of_International_Relations,Russian",Saint_Petersburg
"Russia,86,Moscow_State_Institute_of_International_Relations,Russian",Moscow
"Russia,103,Moscow_State_Linguistic_University,Russian",Saint_Petersburg
"Russia,70,Moscow_State_University,Russian",Moscow
"Russia,36,Moscow_State_University_of_Medicine_and_Dentistry,Russian",Saransk
"Russia,51,Moscow_Theological_Academy,Russian",Korolyov_Moscow_Oblast
"Russia,56,MSU_Faculty_of_History,Russian",Moscow
"Indonesia,65,Mulawarman_University,Indonesian",Balikpapan
"Indonesia,66,Mulawarman_University,Indonesian",Sangkulirang
"Tanzania,69,Mzumbe_University,Swahili",Same_District_Kilimanjaro
"Russia,77,Nakhimov_Naval_School_Saint_Petersburg,Russian",Moscow
"Ghana,63,Nandom_Senior_High_School,English",Accra
"China,59,Nanjing_Foreign_Language_School,Chinese",Nanjing
"Bulgaria,91,National_Academy_for_Theatre_and_Film_Arts,Russian",Plovdiv
"Spain,87,National_Autonomous_University_of_Mexico,Spanish",Socuéllamos
"Poland,63,National_Defence_University_of_Warsaw,Polish",Gołdap
"Nigeria,64,National_Institute_of_Policy_and_Strategic_Studies,Nigerian_Pidgin",Gwaram
"Poland,49,National_School_of_Public_Administration_Poland,Polish",Gdańsk
"Poland,51,National_School_of_Public_Administration_Poland,Spanish",Radomsko
"Poland,60,National_School_of_Public_Administration_Poland,Polish",Lublin
"Taiwan,70,National_Taiwan_University,Taiwanese_Mandarin_Q4380827",Taipei
"Spain,66,National_University_of_Distance_Education,Spanish",Bilbao
"Uzbekistan,45,National_University_of_Uzbekistan,Uzbek",Tashkent
"Poland,77,National_War_College,Polish",Hausach
"United_States,68,National_War_College,Spanish",Washington_DC
"United_States,67,National_War_College,Spanish",North_Dakota
"Turkey,67,NATO_Defense_College,Turkish",Istanbul
"Germany,68,NATO_Defense_College,German",Münster
"United_States,71,Naval_War_College,English",Rhode_Island
"United_States,129,New_York_University,English",Harlem
"Brazil,74,New_York_University,Portuguese",Rio_de_Janeiro
"United_States,47,New_York_University,English",New_York_state
"Turkey,112,New_York_University_School_of_Law,Turkish",Constantinople
"Germany,180,New_York_University_School_of_Law,German",Burgrabice
"United_States,180,New_York_University_School_of_Law,German",Burgrabice
"France,73,New_York_University_Stern_School_of_Business,French",Boulogne-Billancourt
"United_States,100,New_York_University_Tandon_School_of_Engineering,Greek",Canton_Ohio
"Greece,100,New_York_University_Tandon_School_of_Engineering,Greek",Canton_Ohio
"Nigeria,76,Nigerian_Defence_Academy,Tiv",Katsina-Ala
"United_States,127,Noble_and_Greenough_School,English",Wakefield_Massachusetts
"United_States,92,Northwestern_University,English",Decatur_Illinois
"United_States,109,Ohio_State_University,English",Fort_Wayne_Indiana
"United_States,163,Ohio_Wesleyan_University,English",Morgantown_West_Virginia
"Turkey,144,Ottoman_Military_College,Turkish",Bitola
"Turkey,143,Ottoman_Military_College,Turkish",Aleppo
"United_States,94,Pacific_Union_College,English",Portland_Oregon
"Indonesia,63,Padjadjaran_University,Indonesian",Cirebon
"Pakistan,82,Pakistan_Military_Academy,English",Abbottabad
"France,70,Paris_1_Panthéon-Sorbonne_University,French",Moscow
"Romania,100,Parsons_School_of_Design,Romanian",16th_arrondissement_of_Paris
"Russia,82,Patrice_Lumumba_Peoples_Friendship_University_of_Russia,Spanish",Aleksin
"Panama,83,Patrice_Lumumba_Peoples_Friendship_University_of_Russia,Spanish",Aguadulce_Coclé
"Germany,83,Paul_Cézanne_University,German",Berlin
"United_States,101,Paul_H_Nitze_School_of_Advanced_International_Studies,English",Weißenfels
"Taiwan,113,Peking_University,Chinese",Fengxian_District
"Russia,85,Peter_the_Great_St_Petersburg_Polytechnic_University,Russian",Saint_Petersburg
"Turkmenistan,85,Peter_the_Great_St_Petersburg_Polytechnic_University,Russian",Saint_Petersburg
"Philippines,108,Philippine_Law_School,English",Manila
"United_States,234,Phillips_Academy,English",France
"United_States,158,Phillips_Academy,English",Aurora_Cayuga_County_New_York
"United_States,115,Phillips_Exeter_Academy,English",Cambridge_Massachusetts
"United_States,168,Pittsburgh_Theological_Seminary,English",Cambridge_Ohio
"Romania,57,Politehnica_University_of_Bucharest,Romanian",Bucharest
"Indonesia,56,Pondok_Modern_Darussalam_Gontor,Indonesian",Jakarta
"Indonesia,76,Pondok_Modern_Darussalam_Gontor,Indonesian",Rembang_Regency
"Israel,100,Ponevezh_Yeshiva,Yiddish",Shumyachi
"Brazil,43,Pontifical_Catholic_University_of_Campinas,Portuguese",Campinas
"Brazil,73,Pontifical_Catholic_University_of_Rio_de_Janeiro,Portuguese",Recife
"Brazil,78,Pontifical_Catholic_University_of_Rio_de_Janeiro,Portuguese",Porto_Velho
"Chile,74,Pontifical_Catholic_University_of_Valparaíso,Spanish",Valparaíso
"Romania,116,Pontifical_Greek_College_of_Saint_Athanasius,Romanian",Blaj
"Spain,49,Pontifical_University_of_Salamanca,Spanish",Ferrol_Spain
"Colombia,92,Pontificia_Universidad_Javeriana,Spanish",Bogotá
"South_Africa,39,Pretoria_Boys_High_School,English",Mozambique
"Mozambique,39,Pretoria_Boys_High_School,English",Mozambique
"United_States,74,Princeton_School_of_Public_and_International_Affairs,English",Washington_DC
"United_States,64,Princeton_University,English",New_York_state
"United_States,85,Princeton_University,English",Chicago
"United_States,162,Princeton_University,English",Evansville_Indiana
"United_States,84,Princeton_University,English",Lockport_city_New_York
"United_States,65,Princeton_University,English",Montreal
"France,84,Proviso_East_High_School,French",Sélestat
"United_States,84,Proviso_East_High_School,French",Sélestat
"North_Korea,62,Pyongyang_University_of_Foreign_Studies,Korean",Pyongyang
"South_Korea,62,Pyongyang_University_of_Foreign_Studies,Korean",Pyongyang
"Germany,88,Rabanus-Maurus-Gymnasium,German",Wrocław
"Singapore,69,Raffles_Institution,English",Colony_of_Singapore
"United_States,107,Randolph_College,English",Norfolk_Virginia
"India,85,Ravenshaw_College,Odia",Odisha
"United_States,58,Rensselaer_Polytechnic_Institute,English",New_Haven_Connecticut
"United_States,201,Rensselaer_Polytechnic_Institute,English",Ceredigion
"Turkey,81,Robert_College,Turkish",Istanbul
"Turkey,79,Robert_College,Turkish",Istanbul
"Bulgaria,170,Robert_College,English",Sliven
"South_Africa,95,Rondebosch_Boys_High_School,English",Tulbagh
"United_States,73,Roseville_Area_High_School,English",Taiwan
"Taiwan,73,Roseville_Area_High_School,English",Taiwan
"United_States,83,Royal_College_of_Defence_Studies,English",Philadelphia
"France,178,Royal_High_School_Edinburgh,French",Saint-Cloud
"Nigeria,86,Royal_Military_Academy_Sandhurst,Nigerian_Pidgin",Kaduna
"Nigeria,89,Royal_Military_Academy_Sandhurst,Nigerian_Pidgin",Bonny_Nigeria
"Bahrain,73,Royal_Military_Academy_Sandhurst,Arabic",Bahrain
"Germany,48,RWTH_Aachen_University,German",Duisburg
"Russia,54,Ryazan_Guards_Higher_Airborne_Command_School,Russian",Zhytomyr
"Russia,67,Ryazan_Guards_Higher_Airborne_Command_School,Russian",Kholmskaya
"Russia,41,Ryazan_State_University,Russian",Alexandro-Nevsky_District
"Qatar,75,Saint_Joseph_University,Arabic",Al_Ghariyah
"Kenya,58,Saint_Marys_University_Halifax,English",Eldama_Ravine
"Russia,58,Saint_Petersburg_State_Marine_Technical_University,Russian",Saint_Petersburg
"Liberia,93,San_Francisco_State_University,English",Arthington_Liberia
"Italy,136,Sapienza_University_of_Rome,Italian",Ascoli_Piceno
"Italy,70,Sapienza_University_of_Rome,Italian",Italy
"Italy,62,Sapienza_University_of_Rome,Italian",Città_della_Pieve
"Italy,69,Sapienza_University_of_Rome,Italian",Rome
"Italy,85,Sapienza_University_of_Rome,Italian",Skopje
"Russia,84,Satbayev_University,Russian",Turkistan_Region
"France,49,School_for_Advanced_Studies_in_the_Social_Sciences,French",Bordeaux
"Iran,90,School_for_Advanced_Studies_in_the_Social_Sciences,Persian",Tehran
"Croatia,120,School_of_Medicine_University_of_Zagreb,Croatian",Postira
"France,70,Sciences_Po,French",Paris
"France,63,Sciences_Po,French",Paris
"France,60,Sciences_Po,French",Suresnes
"France,55,Sciences_Po,French",Montpellier
"France,77,Sciences_Po,French",Moissac
"France,110,Sciences_Po,French",Paris
"France,51,Sciences_Po,Spanish",Paris
"France,60,Sciences_Po,French",Saint-Nazaire
"France,113,Sciences_Po,French",Paris
"France,106,Sciences_Po,French",Washington_DC
"United_States,106,Sciences_Po,French",Washington_DC
"France,80,Sciences_Po,French",Boulogne-Billancourt
"France,70,Sciences_Po,Russian",Trélon
"France,60,Sciences_Po,French",Paris
"France,59,Sciences_Po,French",14th_arrondissement_of_Paris
"France,70,Sciences_Po,Standard_Chinese",Salins-les-Bains
"France,54,Sciences_Po,French",Pontarlier
"France,126,Sciences_Po,French",Paris
"France,126,Sciences_Po,French",Istanbul
"France,38,Sciences_Po_Lille,French",Paris
"Indonesia,40,Sebelas_Maret_University,Indonesian",Pekalongan
"South_Korea,59,Seoul_National_University,Korean",Wonju
"South_Korea,43,Seoul_National_University,Korean",Seoul
"South_Korea,68,Seoul_National_University,Korean",Seoul
"South_Korea,59,Seoul_National_University,Korean",Uiseong_County
"South_Korea,59,Seoul_National_University,Korean",Cheongju
"South_Korea,56,Seoul_National_University,Korean",Daegu
"South_Korea,78,Seoul_National_University,Korean",Gyeongju
"Indonesia,67,Sepuluh_Nopember_Institute_of_Technology,Indonesian",Magetan_Regency
"Poland,92,SGH_Warsaw_School_of_Economics,Polish",Sialiec_Byaroza_District
"Poland,66,SGH_Warsaw_School_of_Economics,Serbian",Warsaw
"Poland,79,SGH_Warsaw_School_of_Economics,Polish",Pilzno
"Poland,49,SGH_Warsaw_School_of_Economics,Spanish",Warsaw
"Iran,71,Sharif_University_of_Technology,Turkish",Tehran
"Uganda,78,Sherborne_School,English",Kabarole_District
"Poland,48,Simon_Fraser_University,Russian",Gdynia
"Indonesia,40,Singapore_International_School,Indonesian",Yogyakarta
"France,63,Skema_Business_School,French",El_Harrach
"Indonesia,68,SMP_Negeri_1_Blitar,Indonesian",Blitar
"Bulgaria,122,Sofia_Theological_Seminary,German",Sofia
"Pakistan,154,Somerville_College_Oxford,Persian",London
"United_States,112,Sorbonne_building,English",San_Francisco
"Algeria,66,Sorbonne_University,French",Algiers
"United_States,92,South_Kent_School,English",Dallas
"South_Africa,110,St_Andrews_College_Grahamstown,English",Queenstown_South_Africa
"South_Africa,85,St_Andrews_College_Grahamstown,English",Johannesburg
"United_States,17,St_Andrews_Episcopal_School_Maryland,Slovene",Manhattan
"Wales,76,St_Catharines_College_Cambridge,English",Carmarthenshire
"Sierra_Leone,89,St_Edwards_Secondary_School,English",Rotifunk
"Spain,23,St_Marys_School_Ascot,Spanish",Madrid
"United_States,231,St_Marys_Seminary_and_University,English",Philadelphia
"Nigeria,84,Staff_College_Camberley,Yoruba",If_u1EB9_
"United_States,69,Stanford_University,English",Berea_Kentucky
"Mali,102,Stanford_University,French",Los_Angeles
"United_States,102,Stanford_University,French",Los_Angeles
"Italy,78,Stanford_University,Italian",Naples
"Czech_Republic,63,Stanford_University,Czech",Trutnov
"France,64,Stanford_University,French",Longwy
"South_Korea,44,Steinhardt_School_of_Culture_Education_and_Human_Development,Korean",South_Korea
"South_Africa,75,Stellenbosch_University,English",Molteno_South_Africa
"Sweden,61,Stockholm_School_of_Economics,Belarusian",Västerås
"Sweden,56,Stockholm_School_of_Economics,Swedish",Stockholm
"Wales,77,Swansea_University,English",Barry_Vale_of_Glamorgan
"Russia,104,Swarthmore_College,Russian",Moscow
"Sweden,86,Swedish_School_of_Sport_and_Health_Sciences,Swedish",Haga_Palace
"United_States,71,Syracuse_University,English",Allentown_Pennsylvania
"United_States,88,Taipei_Language_Institute,Mandarin_Chinese",Nanjing
"Ghana,32,Takoradi_Senior_High_School,English",Sekondi-Takoradi
"Mongolia,77,Taras_Shevchenko_National_University_of_Kyiv,Mongolian",Khövsgöl_Province
"Poland,92,Taras_Shevchenko_National_University_of_Kyiv,Polish",Warsaw
"Ukraine,48,Taras_Shevchenko_National_University_of_Kyiv,Ukrainian",Kyiv
"Indonesia,78,Tarumanagara_University,Indonesian",Minahasa_Regency
"Spain,65,Technical_University_of_Madrid,Spanish",Spain
"Israel,69,Technion__Israel_Institute_of_Technology,Hebrew",Jerusalem
"Germany,66,Technische_Universität_Darmstadt,German",Beckum_Germany
"Turkey,81,TED_Ankara_College_Foundation_Schools,Turkish",Ankara
"Turkey,65,TED_Ankara_College_Foundation_Schools,Turkish",Samsun
"Turkey,64,TED_Ankara_College_Foundation_Schools,Turkish",Ankara
"Germany,43,Tel_Aviv_University,German",Munich
"Israel,60,Tel_Aviv_University,Hebrew",Israel
"Poland,40,Télécom__u0026__Management_SudParis,Polish",Poland
"Tunisia,40,Télécom__u0026__Management_SudParis,Polish",Poland
"France,66,Télécom_Paris,French",Montpellier
"United_States,86,Tenafly_High_School,Italian",Englewood_New_Jersey
"Bangladesh,88,Texas_A_u0026_M_University,Bengali",Laksam_Upazila
"United_States,73,Texas_Christian_University,English",Dallas
"China,34,The_British_University_in_Egypt,Chinese",Qiemo_County
"United_States,71,The_College_of_New_Jersey,English",New_York_City
"Sierra_Leone,78,The_Dickson_Poon_School_of_Law,English",Bonthe
"Germany,57,The_Fletcher_School_at_Tufts_University,Ukrainian",Elmshorn
"Germany,77,The_Fletcher_School_at_Tufts_University,German",Essen
"Sweden,63,The_Fletcher_School_at_Tufts_University,Swedish",Gothenburg
"Austria,67,Theresian_Military_Academy,German",Vienna
"Malaysia,38,Trinity_College_Dublin,English",London
"Canada,118,Trinity_College_Toronto,English",Campbellford
"Canada,52,Trinity_College_Toronto,Ukrainian",Welland
"Republic_of_the_Congo,92,Trinity_Hall_Cambridge,English",Inverurie
"Indonesia,65,Trisakti_University,Indonesian",Mojokerto
"Indonesia,39,Trisakti_University,Indonesian",Jakarta
"United_States,76,Tufts_University,English",Sewell_Chile
"Poland,60,Tufts_University,Russian",Warsaw
"Turkey,25,Turkey,English",Tehran
"Turkey,124,Turkish_Military_Academy,Turkish",Bursa
"Turkey,113,Turkish_Naval_Academy,Turkish",Istanbul
"Indonesia,66,Udayana_University,Indonesian",Gianyar_Regency
"United_States,156,Union_Theological_Seminary_New_York_City,English",Berlin
"United_States,142,United_States_Military_Academy,English",Chicago
"United_States,99,United_States_Military_Academy,English",New_York_City
"United_States,173,United_States_Military_Academy,English",St_Louis
"Sierra_Leone,108,United_Theological_Seminary,English",Mattru_Jong
"Argentina,53,Universidad_Argentina_de_la_Empresa,Spanish",La_Rioja_Province_Argentina
"Guatemala,45,Universidad_de_San_Carlos_de_Guatemala,Spanish",Guatemala_City
"Colombia,63,Universidad_Externado_de_Colombia,Spanish",Bucaramanga
"Canada,127,Université_de_Montréal,French",Montreal
"France,130,Université_Laval,French",Montreal
"Indonesia,86,University_at_Albany_SUNY,Indonesian",West_Papua_province
"Republic_of_Ireland,70,University_College_Dublin,English",Drogheda
"Nigeria,94,University_College_London,Nigerian_Pidgin",Cross_River_State
"United_States,70,University_College_London,English",New_Rochelle_New_York
"Canada,93,University_of_Alberta,English",Calgary
"Italy,76,University_of_Allahabad,Italian",San_Pietro_in_Casale
"Turkey,67,University_of_Amsterdam,Turkish",Nevşehir
"United_States,65,University_of_Arizona,Spanish",Havana
"Spain,83,University_of_Barcelona,Spanish",Barcelona
"Serbia,70,University_of_Belgrade_Faculty_of_Law,Serbian",Belgrade
"Serbia,45,University_of_Belgrade_Faculty_of_Orthodox_Theology,Serbian",Vršac
"Ghana,99,University_of_Birmingham,English",Accra
"Germany,66,University_of_Bonn,German",Bonn
"Germany,101,University_of_Bonn,German",Berlin
"Germany,132,University_of_Bonn,German",Hamburg
"Germany,64,University_of_Bonn,German",Jülich
"France,61,University_of_Bradford,French",Valence_Drôme
"Brazil,69,University_of_Brasília,Portuguese",Belo_Horizonte
"Taiwan,79,University_of_British_Columbia,Taiwanese_Mandarin",Kunming
"Romania,55,University_of_Bucharest,Romanian",Galați
"Romania,62,University_of_Bucharest,Romanian",Câmpulung
"Romania,70,University_of_Bucharest,Romanian",Cehu_Silvaniei
"Romania,87,University_of_Bucharest,Romanian",Concești
"France,146,University_of_Burgundy,French",Bologna
"United_States,70,University_of_California_Los_Angeles,Spanish",United_States
"United_States,23,University_of_California_Los_Angeles,English",New_Jersey
"United_States,96,University_of_California_Santa_Barbara,English",San_Diego
"Germany,127,University_of_Cambridge,German",Dresden
"Wales,129,University_of_Cambridge,English",Cardiff
"United_States,81,University_of_Cambridge,English",Washington_DC
"Egypt,154,University_of_Cambridge,Egyptian_Arabic",Cairo
"Colombia,71,University_of_Cambridge,Spanish",Bogotá
"South_Africa,32,University_of_Cape_Town,English",OThongathi
"South_Africa,80,University_of_Cape_Town,English",South_Africa
"United_States,42,University_of_Central_Florida,English",New_Jersey
"Spain,215,University_of_Cervera,Spanish",Olot
"United_States,163,University_of_Chicago,English",Newark_Ohio
"United_States,75,University_of_Chicago,English",Pittsburgh
"Chile,70,University_of_Chicago,Spanish",Temuco
"United_States,139,University_of_Chicago,English",New_York_City
"France,101,University_of_Chicago,French",Saint-Nazaire
"Chile,37,University_of_Chile,Spanish",Huasco
"Chile,71,University_of_Chile,Spanish",Santiago
"Chile,63,University_of_Chile,German",Chillán
"United_States,70,University_of_Cincinnati__College-Conservatory_of_Music,English",Camden_Alabama
"Germany,67,University_of_Cologne,German",Bonn
"Germany,63,University_of_Cologne,German",Düsseldorf
"Germany,75,University_of_Cologne,German",Kronberg_im_Taunus
"United_States,121,University_of_Colorado_Boulder,English",Denver
"Uganda,74,University_of_Dar_es_Salaam,English",Tanzania
"United_States,140,University_of_Denver,English",Franklin_Massachusetts
"Greece,80,University_of_Denver,Greek",Athens
"Chile,75,University_of_Denver,Spanish",Santiago
"Pakistan,78,University_of_Dhaka,Bengali",Noakhali_District
"Bangladesh,78,University_of_Dhaka,Bengali",Noakhali_District
"Pakistan,82,University_of_Dhaka,Bengali",Noakhali_District
"Bangladesh,82,University_of_Dhaka,Bengali",Noakhali_District
"Pakistan,102,University_of_Dhaka,Bengali",Tangail
"Bangladesh,102,University_of_Dhaka,Bengali",Tangail
"Pakistan,96,University_of_Dhaka,Bengali",Comilla
"Bangladesh,96,University_of_Dhaka,Bengali",Comilla
"Bangladesh,90,University_of_Dhaka,Bengali",Lakshmipur
"Pakistan,99,University_of_Dhaka,Bengali",Noakhali_District
"Bangladesh,99,University_of_Dhaka,Bengali",Noakhali_District
"Bangladesh,75,University_of_Dhaka,Bengali",Chittagong_District
"Bangladesh,71,University_of_Dhaka,Bengali",Chittagong_District
"Pakistan,80,University_of_Dhaka,Bengali",Jhenaidah_District
"Bangladesh,80,University_of_Dhaka,Bengali",Jhenaidah_District
"Bangladesh,78,University_of_Dhaka,Bengali",Comilla_District
"Pakistan,65,University_of_Dhaka,English",Noakhali_District
"Bangladesh,65,University_of_Dhaka,English",Noakhali_District
"Pakistan,96,University_of_Dhaka,Bengali",Murshidabad
"Bangladesh,74,University_of_Dhaka,Bengali",Siliguri
"Bangladesh,90,University_of_Dhaka,Bengali",Bhairab
"Republic_of_Ireland,143,University_of_Dublin,English",Portumna
"Chile,89,University_of_East_Anglia,Spanish",Chile
"Canada,192,University_of_Edinburgh,English",Edinburgh
"United_States,192,University_of_Edinburgh,English",Edinburgh
"Kuwait,92,University_of_Edinburgh,French",Kuwait_City
"Germany,142,University_of_ErlangenNuremberg,German",Friedenau
"Germany,113,University_of_ErlangenNuremberg,German",Schöneberg
"Italy,87,University_of_Florence,Italian",Rome
"United_States,79,University_of_Florida,Spanish",Santiago_de_Cuba
"United_States,73,University_of_Florida,English",Kansas_City_Missouri
"Poland,66,University_of_Freiburg,Russian",Zawichost
"Germany,115,University_of_Freiburg,German",Germany
"Spain,84,University_of_Fribourg,Spanish",Guimerà
"Belgium,96,University_of_Geneva,French",Royal_Palace_of_Brussels
"Syria,117,University_of_Geneva,Arabic",Aleppo
"Ghana,23,University_of_Ghana,English",Accra
"Ghana,71,University_of_Ghana,English",Ghana
"Ghana,72,University_of_Ghana,English",Kpando
"Ghana,79,University_of_Ghana,English",Ghana
"Ghana,39,University_of_Ghana,English",Hohoe
"United_States,99,University_of_Glasgow,English",East_Orange_New_Jersey
"Wales,205,University_of_Göttingen,English",Swansea
"Poland,49,University_of_Göttingen,Russian",Sierpc
"Austria,62,University_of_Graz,German",Graz
"Israel,67,University_of_Haifa,Hebrew",Givatayim
"Israel,52,University_of_Haifa,Hebrew",Khawaled
"Germany,82,University_of_Hamburg,German",Krośniewice
"Finland,51,University_of_Helsinki,Finnish",Seinäjoki
"Finland,65,University_of_Helsinki,Swedish",Multia_Finland
"United_States,65,University_of_Houston,English",Saint_Kitts
"Nigeria,68,University_of_Ibadan,Yoruba",Abeokuta
"United_States,103,University_of_Idaho,English",Brooklyn
"United_States,106,University_of_Illinois_System,English",Olney_Illinois
"United_States,78,University_of_Illinois_Urbana-Champaign,English",East_St_Louis_Illinois
"United_States,89,University_of_Illinois_Urbana-Champaign,English",New_York_City
"Indonesia,83,University_of_Indonesia,Indonesian",Ngawi_Regency
"Indonesia,94,University_of_Indonesia,Indonesian",Sigli
"Indonesia,83,University_of_Indonesia,Indonesian",Surakarta
"Indonesia,74,University_of_Indonesia,Indonesian",Medan
"Indonesia,80,University_of_Indonesia,Indonesian",Mojokerto
"Germany,261,University_of_Ingolstadt,German",Sigmaringen
"Austria,56,University_of_Innsbruck,German",Kitzbühel
"China,61,University_of_International_Relations,Chinese",Shandong
"United_States,91,University_of_Iowa,English",Melcher-Dallas_Iowa
"Spain,80,University_of_Iowa,Spanish",Soria
"Pakistan,88,University_of_Karachi,Bengali",Kushtia_District
"Bangladesh,88,University_of_Karachi,Bengali",Kushtia_District
"Qatar,59,University_of_Kent,Arabic",Doha
"United_States,97,University_of_Kentucky,English",Lexington_Kentucky
"Uganda,58,University_of_KwaZulu-Natal,English",Uganda
"South_Africa,32,University_of_KwaZulu-Natal,English",Eshowe
"Nigeria,63,University_of_Lagos,Nigerian_Pidgin",Gusau
"Nigeria,75,University_of_Lagos,Yoruba",Osun_State
"Nigeria,66,University_of_Lagos,Yoruba",Ondo_Town
"Latvia,54,University_of_Latvia,Russian",Saulkrasti
"Ghana,74,University_of_Leicester,English",Accra
"Liberia,71,University_of_Liberia,English",Firestone_District
"Liberia,77,University_of_Liberia,English",Liberia
"Portugal,40,University_of_Lisbon,Portuguese",Lisbon
"Ghana,52,University_of_Liverpool,English",Ghana
"Turkey,108,University_of_London,Turkish",İzmir
"Nigeria,90,University_of_London,Nigerian_Pidgin",Obosi
"Uganda,89,University_of_London,English",Fort_Portal
"Ghana,86,University_of_London,English",Sekondi-Takoradi
"Bangladesh,75,University_of_London,Bengali",Comilla
"Nigeria,83,University_of_London,Hausa",Kano_city
"Colombia,67,University_of_Los_Andes_Colombia,Spanish",Mexico_City
"Colombia,60,University_of_Los_Andes_Colombia,Spanish",Bogotá
"South_Africa,63,University_of_Madras,English",Mount_Frere
"Nigeria,64,University_of_Maiduguri,Nigerian_Pidgin",Bida
"Germany,100,University_of_Mainz,German",Ludwigsburg
"Uganda,84,University_of_Manchester,English",Uganda
"Indonesia,40,University_of_Manchester,Indonesian",Jambi_city
"United_States,115,University_of_Marburg,English",Camden_New_Jersey
"United_States,70,University_of_Mary_Washington,Spanish",Westport_Connecticut
"United_States,74,University_of_Maryland_Baltimore,English",Baltimore
"Malaysia,108,University_of_Melbourne_Faculty_of_Medicine_Dentistry_and_Health_Sciences,Malay",Johor_Bahru
"United_States,62,University_of_Miami_School_of_Law,Spanish",Miami
"Colombia,80,University_of_Michigan,Spanish",Pereira_Colombia
"United_States,79,University_of_Michigan,English",Detroit
"United_States,178,University_of_Michigan,English",Dublin
"United_States,84,University_of_Michigan,English",Elizabeth_New_Jersey
"United_States,97,University_of_Michigan,Japanese",Würzburg
"Georgia_country,84,University_of_Michigan,Russian",Tbilisi
"Italy,72,University_of_Milan,Italian",Italy
"United_States,79,University_of_Minnesota,English",Boston
"Uganda,70,University_of_Minnesota_Law_School,English",Saint_Paul_Minnesota
"Germany,79,University_of_Montpellier,German",Buckow
"India,65,University_of_Mumbai,Marathi",India
"Spain,83,University_of_Murcia,Spanish",Albox
"Spain,44,University_of_Murcia,Spanish",Murcia
"Ghana,72,University_of_Nairobi,English",Gold_Coast_British_colony
"Bulgaria,54,University_of_National_and_World_Economy,English",Burgas
"Bulgaria,67,University_of_National_and_World_Economy,Bulgarian",Sofia
"United_States,97,University_of_Nebraska_system,English",Nebraska
"Ivory_Coast,66,University_of_New_Hampshire,French",Duékoué
"United_States,83,University_of_New_Mexico,English",Albuquerque_New_Mexico
"United_States,81,University_of_North_Carolina_at_Chapel_Hill,English",Mount_Vernon_Ohio
"Republic_of_Ireland,119,University_of_North_Carolina_at_Chapel_Hill,English",Dublin
"United_States,111,University_of_Oklahoma,English",Waco_Texas
"Canada,81,University_of_Oxford,English",Saint_John_New_Brunswick
"Germany,64,University_of_Oxford,German",Hanover
"Nicaragua,70,University_of_Oxford,Spanish",Nicaragua
"Russia,70,University_of_Oxford,Spanish",Madrid
"Spain,70,University_of_Oxford,Spanish",Madrid
"United_States,110,University_of_Oxford,English",New_York_City
"Ghana,103,University_of_Oxford,English",Kpong
"Nigeria,69,University_of_Oxford,Nigerian_Pidgin",Nigeria
"France,471,University_of_Oxford,French",Lausanne
"Italy,62,University_of_Padua,Italian",Venice
"Italy,46,University_of_Palermo,Italian",Palermo
"United_States,117,University_of_Paris,French",Boston
"Greece,69,University_of_Paris,Greek",Athens
"France,91,University_of_Paris,French",Bordeaux
"France,99,University_of_Paris,French",Paris
"Turkey,99,University_of_Paris,Turkish",Istanbul
"France,109,University_of_Paris,French",Algiers
"France,153,University_of_Paris,French",La_Rochelle
"Romania,126,University_of_Paris,Romanian",Urlați
"France,73,University_of_Paris,French",Toulon
"France,773,University_of_Paris,French",Besançon
"Greece,66,University_of_Paris,Greek",Veria
"France,52,University_of_Paris,French",France
"United_States,228,University_of_Pennsylvania,English",Philadelphia
"United_States,101,University_of_Pennsylvania,English",Palmerton_Pennsylvania
"Italy,51,University_of_Pennsylvania_Law_School,Italian",Pavia
"Italy,58,University_of_Perugia,Italian",Foligno
"Nigeria,88,University_of_Pittsburgh,Yoruba",Iperu_Ogun_State
"Colombia,77,University_of_Pittsburgh,Spanish",Cali
"United_States,21,University_of_Puerto_Rico_at_Mayagüez,Spanish",Mayagüez_Puerto_Rico
"Nigeria,81,University_of_Puget_Sound,Nigerian_Pidgin",Imo_State
"France,76,University_of_Rouen_Normandy,French",Marseille
"Spain,315,University_of_Salamanca,Spanish",Zaragoza
"Brazil,79,University_of_São_Paulo,Spanish",São_Paulo
"Croatia,63,University_of_Sarajevo,Croatian",Pakrac
"Canada,129,University_of_Saskatchewan,French",Asnières-sur-Seine
"France,129,University_of_Saskatchewan,French",Asnières-sur-Seine
"Ghana,99,University_of_Sheffield,English",Accra
"Poland,47,University_of_Silesia_in_Katowice,Spanish",Warsaw
"Czech_Republic,61,University_of_South_Bohemia_in_České_Budějovice,Russian",Pardubice
"Germany,68,University_of_St_Gallen,German",Düsseldorf
"Bangladesh,78,University_of_Strathclyde,Bengali",Gopalganj_District_Bangladesh
"Syria,71,University_of_Surrey,Arabic",Aleppo
"Kenya,66,University_of_Sussex,English",Kenya
"Poland,63,University_of_Szczecin,Polish",Krotoszyn
"Estonia,49,University_of_Tartu,Russian",Tallinn
"United_States,71,University_of_Texas_System,Spanish",Austin_Texas
"Pakistan,79,University_of_the_Punjab,Bengali",Dhaka
"Uruguay,52,University_of_the_Republic_Uruguay,Spanish",Montevideo
"United_States,113,University_of_the_Sciences,Catalan",Barcelona
"Guyana,63,University_of_the_West_Indies,English",Georgetown_Guyana
"South_Africa,74,University_of_the_Western_Cape,English",Oudtshoorn
"South_Africa,81,University_of_the_Witwatersrand,English",Johannesburg
"South_Africa,80,University_of_the_Witwatersrand,English",South_Africa
"Canada,67,University_of_the_Witwatersrand,English",South_Africa
"Japan,85,University_of_Tokyo,Japanese",Kuwana_Mie
"Japan,81,University_of_Tokyo,Japanese",Tokyo
"Pakistan,80,University_of_Tokyo,Japanese",Chittagong
"Bangladesh,80,University_of_Tokyo,Japanese",Chittagong
"Japan,120,University_of_Tokyo,Japanese",Tokyo_City
"Japan,72,University_of_Tokyo,Japanese",Kurashiki
"Canada,161,University_of_Toronto,English",Lucknow_Ontario
"Canada,102,University_of_Toronto,Italian",Podargoni
"Italy,102,University_of_Toronto,Italian",Podargoni
"Canada,51,University_of_Toronto,Mandarin_Chinese",Vancouver
"Canada,106,University_of_Toronto,English",Davidson_Saskatchewan
"Canada,92,University_of_Toronto,English",Crosby_Merseyside
"Indonesia,94,University_of_Toronto,Indonesian",Semarang
"Germany,123,University_of_Tübingen,German",Ulm
"Germany,71,University_of_Tübingen,German",Sindelfingen
"Germany,77,University_of_Tübingen,German",Esslingen_am_Neckar
"Germany,96,University_of_Tübingen,German",Stuttgart
"Germany,123,University_of_Tübingen,German",Frankfurt
"Finland,63,University_of_Turku,Finnish",Lappajärvi
"Panama,66,University_of_Utah,Spanish",Ancón_Panama
"Spain,58,University_of_Valencia,Spanish",Xàbia
"Spain,264,University_of_Valladolid,Spanish",San_Felices_de_Buelna
"Austria,151,University_of_Vienna,German",Vienna
"Austria,68,University_of_Vienna,German",Canberra
"Austria,63,University_of_Vienna,German",Mariazell
"Austria,76,University_of_Vienna,Slovene",Klagenfurt
"United_Arab_Emirates,43,University_of_Vienna,English",Abu_Dhabi
"United_States,100,University_of_Virginia,English",Chicago
"France,161,University_of_Virginia,French",Paris
"United_States,59,University_of_Virginia,English",Atlanta
"United_States,61,University_of_Virginia,English",New_York_City
"United_States,153,University_of_Virginia,English",Hanover_County_Virginia
"United_States,174,University_of_Virginia,English",Rockbridge_County_Virginia
"Poland,59,University_of_Warsaw,Swedish",Bydgoszcz
"Poland,55,University_of_Warsaw,Spanish",Warsaw
"Poland,49,University_of_Warsaw,Polish",Słupsk
"Poland,51,University_of_Warsaw,Spanish",Kraków
"Poland,48,University_of_Warsaw,Polish",Warsaw
"Poland,61,University_of_Warsaw,Swedish",Warsaw
"Poland,64,University_of_Warsaw,Swedish",Warsaw
"Poland,108,University_of_Warsaw,Polish",Saint_Petersburg
"Poland,57,University_of_Warsaw,Russian",Warsaw
"Poland,47,University_of_Warsaw,Spanish",Warsaw
"Poland,49,University_of_Warsaw,Spanish",Warsaw
"Poland,66,University_of_Warsaw,Russian",Kutno
"Poland,70,University_of_Warsaw,Russian",Warsaw
"Poland,65,University_of_Warsaw,Spanish",Warsaw
"Poland,65,University_of_Warsaw,Polish",Krotoszyn
"Poland,54,University_of_Warsaw,Russian",Warsaw
"Poland,79,University_of_Warsaw,Russian",Warsaw
"Poland,57,University_of_Warsaw,Polish",Warsaw
"United_States,63,University_of_Washington,English",Boston
"United_States,73,University_of_Washington,English",New_York_City
"Germany,96,University_of_Washington,German",Hamburg
"Germany,70,University_of_Wisconsin_System,German",Minden
"United_States,105,University_of_WisconsinMadison,English",Montgomery_Alabama
"United_States,76,University_of_WisconsinMadison,English",Santa_Monica_California
"United_States,73,University_of_WisconsinMadison,English",Bossier_Parish_Louisiana
"United_States,138,University_of_WisconsinMadison,English",Atlantic_Iowa
"United_States,62,University_of_WisconsinMilwaukee,Spanish",Medellín
"Poland,58,University_of_Wrocław,Polish",Poland
"Germany,122,University_of_Würzburg,German",Regensburg
"Germany,79,University_of_Würzburg,German",Neustadt_an_der_Weinstraße
"Croatia,82,University_of_Zagreb,Croatian",Zagreb
"Germany,94,University_of_Zagreb,German",Tallinn
"Croatia,61,University_of_Zagreb,Croatian",Split_Croatia
"Spain,59,University_of_Zaragoza,Spanish",Ludwigshafen
"Switzerland,79,University_of_Zurich,French",Heiden_Switzerland
"El_Salvador,65,University_of_Zurich,Spanish",New_Orleans
"Sweden,244,Uppsala_University,French",Istanbul
"United_States,79,USC_Price_School_of_Public_Policy,English",Minneapolis
"India,60,Utkal_University,Odia",Cuttack
"South_Africa,197,Utrecht_University,English",Zaltbommel
"Bangladesh,32,Uttara_High_School_and_College,Bengali",Patuakhali_District
"United_States,70,Vassar_College,Ukrainian",New_York_state
"Mali,98,Vassar_College,French",Cleveland
"United_States,98,Vassar_College,French",Cleveland
"United_States,58,Vassar_College,English",New_York_City
"Austria,88,Vienna_University_of_Economics_and_Business,German",Vienna
"Russia,105,Volga_State_University_of_Water_Transport,Russian",Gagino_Nizhny_Novgorod_Oblast
"Israel,109,Wadham_College_Oxford,French",London
"South_Africa,111,Waitaki_Boys_High_School,English",Shanghai
"South_Africa,32,Walden_University,Zulu",Mooi_River_town
"United_States,50,Walsh_School_of_Foreign_Service,Turkish",Erbil
"United_States,128,Walsh_School_of_Foreign_Service,English",Newport_Tennessee
"United_States,85,Walsh_School_of_Foreign_Service,English",Braddock_Pennsylvania
"United_States,92,Walsh_School_of_Foreign_Service,English",Níjar
"Poland,86,Warsaw_University_of_Life_Sciences,Polish",Pietrusy
"South_Korea,103,Waseda_University,Korean",Seoul
"South_Korea,114,Waseda_University,Korean",Seoul
"United_States,64,Washburn_University,English",Wichita_Kansas
"United_States,233,Washington_and_Lee_University,English",Page_County_Virginia
"Pakistan,42,Washwood_Heath_Academy,English",Birmingham
"Poland,30,Webber_International_University,Polish",Piła
"South_Korea,138,Wellesley_College,Korean",Seoul
"United_States,62,Wellesley_College,English",St_Petersburg_Florida
"United_States,159,Wells_College,English",Buffalo_New_York
"Ghana,76,Wesley_Grammar_School,English",Ghana
"United_States,83,Wesleyan_University,English",Cambridge_Massachusetts
"Ukraine,34,West_Ukrainian_National_University,Ukrainian",Ternopil
"Canada,60,Westminster_Theological_Seminary,English",Calgary
"United_States,115,Williams_College,Spanish",Louisville_Kentucky
"United_States,83,Wittenberg_University,English",Cleveland
"South_Africa,116,Wolverhampton_Grammar_School,English",Johannesburg
"South_Africa,127,Wynberg_Boys_High_School,English",Wynberg_Cape_Town
"United_States,90,Wyoming_High_School_Ohio,English",Cincinnati
"United_States,195,Yale_College,Chinese",Zhuhai
"United_States,76,Yale_College,English",Dayton_Ohio
"United_States,80,Yale_Law_School,English",Pasadena_California
"South_Sudan,85,Yale_Law_School,English",Sudan
"Russia,86,Yale_School_of_Engineering__u0026__Applied_Science,Russian",New_York_City
"Sweden,46,Yale_University,Swedish",Karolinska_University_Hospital
"United_States,138,Yale_University,English",Evanston_Illinois
"United_States,81,Yale_University,English",Barnesville_Ohio
"United_States,76,Yale_University,English",Philadelphia
"United_States,92,Yale_University,English",St_Louis
"United_States,69,Yale_University,English",Boston
"United_States,81,Yale_University,English",Summit_New_Jersey
"United_States,93,Yale_University,English",Philadelphia
"United_States,88,Yale_University,English",Patchogue_New_York
"United_States,174,Yale_University,English",Hillsborough_New_Hampshire
"United_States,120,Yale_University,English",Salem_Connecticut
"United_States,159,Yale_University,English",Detroit
"United_States,93,Yale_University,English",Houston
"United_States,152,Yale_University,English",Pittsburgh
"United_States,58,Yale_University,Macedonian",Pennsylvania
"United_States,99,Yale_University,English",Saratoga_Springs_New_York
"United_States,63,Yale_University,Turkish",Cincinnati
"Armenia,65,Yerevan_State_Medical_University,Armenian",Yerevan
"United_States,66,Yerevan_State_University,English",Fresno_California
"Armenia,54,Yerevan_State_University,Spanish",Yerevan
"Russia,47,Yerevan_State_University,Russian",Yerevan
"Armenia,47,Yerevan_State_University,Russian",Yerevan
"Armenia,51,Yerevan_State_University,Russian",Yerevan
"South_Korea,84,Yonsei_University,Korean",Changchun
"South_Korea,62,Yonsei_University,Korean",Daegu
"South_Korea,99,Yonsei_University,Korean",Cheongwon_County
"South_Korea,75,Yonsei_University,Korean",Seoul
"South_Korea,89,Yonsei_University,Korean",South_Gyeongsang_Province
"State_of_Palestine,76,Youngstown_State_University,English",Ramallah
"Egypt,79,Zagazig_University,Egyptian_Arabic",Zagazig
"China,31,Zhejiang_University,Chinese",Beijing
